<application>
  <component name="FeatureSuggesterSettings">
    <option name="suggesters">
      <map>
        <entry key="Comment with line comment_" value="true" />
        <entry key="Completion with replace_" value="false" />
        <entry key="Completion_" value="true" />
        <entry key="Edit breakpoint_" value="false" />
        <entry key="File structure_" value="false" />
        <entry key="Introduce variable_" value="true" />
        <entry key="Mute breakpoints_" value="false" />
        <entry key="Paste from history_" value="false" />
        <entry key="Run to cursor_" value="false" />
        <entry key="Surround with_" value="true" />
        <entry key="Unwrap_" value="true" />
      </map>
    </option>
    <option name="suggestionLastShownTime">
      <map>
        <entry key="Paste from history" value="1651583249706" />
      </map>
    </option>
    <option name="workingDays">
      <list>
        <option value="1649971121296" />
        <option value="1650143562767" />
        <option value="1650151169628" />
        <option value="1650309091288" />
        <option value="1650319285342" />
        <option value="1650438456690" />
        <option value="1650526272926" />
        <option value="1650612600493" />
        <option value="1650744967785" />
        <option value="1650753904419" />
        <option value="1650888798753" />
        <option value="1650924929502" />
        <option value="1651051877000" />
        <option value="1651100051902" />
        <option value="1651223838564" />
        <option value="1651275527150" />
        <option value="1651477802898" />
        <option value="1651536226313" />
        <option value="1651648457455" />
        <option value="1651937805891" />
        <option value="1652038884849" />
        <option value="1652112874594" />
        <option value="1652304905696" />
        <option value="1652342946708" />
      </list>
    </option>
  </component>
</application>