<application>
  <component name="FileTypeManager" version="18">
    <extensionMap>
      <mapping ext="epub" type="ARCHIVE" />
      <mapping ext="htmlz" type="ARCHIVE" />
      <mapping ext="vtp" type="PLAIN_TEXT" />
      <mapping ext="epc" type="PLAIN_TEXT" />
      <mapping ext="ckf" type="PLAIN_TEXT" />
      <removed_mapping ext="apk" approved="true" type="ARCHIVE" />
      <removed_mapping ext="chm" approved="true" type="Native" />
      <removed_mapping ext="ignore" approved="true" type="IgnoreLang file" />
      <removed_mapping ext="pdf" approved="true" type="Native" />
      <removed_mapping ext="psd" approved="true" type="Image" />
      <removed_mapping ext="rs" approved="true" type="Android RenderScript" />
    </extensionMap>
  </component>
</application>